{
  "overall": {
    "10100000": {
      "overall": {
        "rmse": 1908.714591980484,
        "mae": 1252.410414186508,
        "mape": 4.464261308937671,
        "r2": 0.9793190941343244,
        "nse": 0.9793190941343244,
        "kge": 0.9485554522761126,
        "skill_rmse": 0.4112434450657536,
        "skill_rmse_h1": 0.06433873550066227
      },
      "macro": {
        "rmse": 1738.214528137919,
        "mae": 1252.410330692486,
        "mape": 4.46426101132027,
        "r2": 0.9796697636701505,
        "nse": 0.9796697636701505
      },
      "per_horizon": {
        "rmse": [
          397.52818537220367,
          577.7034842064196,
          786.4848997108161,
          998.7645740929745,
          1210.0056265022633,
          1415.7751994115636,
          1615.650996142193,
          1808.4328754637368,
          1993.4399656960177,
          2169.0435630428688,
          2334.7356594155262,
          2488.7194451068167,
          2631.614273022451,
          2762.5132118945967,
          2882.807701202863
        ],
        "mae": [
          337.1119295634921,
          459.8267733134921,
          600.9917596726191,
          740.7173549107143,
          880.795417906746,
          1023.0616877480159,
          1159.8014508928572,
          1292.3579427083334,
          1416.6943328373015,
          1532.533773561508,
          1653.1221292162697,
          1772.396949404762,
          1879.7678013392858,
          1975.2328559027778,
          2061.7440538194446
        ],
        "mape": [
          1.0650703520014748,
          1.5743348286780225,
          2.1250519038041973,
          2.652300952575455,
          3.1689907476033903,
          3.68745320297179,
          4.172944748046127,
          4.63331937091591,
          5.064713940686069,
          5.45703235940866,
          5.876402538192588,
          6.319131882663228,
          6.714554540399073,
          7.068755101620108,
          7.383863164498964
        ],
        "r2": [
          0.9990687056162746,
          0.9980424843391648,
          0.9963893759227711,
          0.9942061604116328,
          0.9915391402832272,
          0.9884761446460043,
          0.9850727901265384,
          0.981402321119013,
          0.977532132463736,
          0.9735553968185127,
          0.9695440862272773,
          0.9656048002011478,
          0.9617766547420883,
          0.9581399213422469,
          0.9546963407926232
        ],
        "nse": [
          0.9990687056162746,
          0.9980424843391648,
          0.9963893759227711,
          0.9942061604116328,
          0.9915391402832272,
          0.9884761446460043,
          0.9850727901265384,
          0.981402321119013,
          0.977532132463736,
          0.9735553968185127,
          0.9695440862272773,
          0.9656048002011478,
          0.9617766547420883,
          0.9581399213422469,
          0.9546963407926232
        ]
      }
    },
    "13150000": {
      "overall": {
        "rmse": 2085.947490285289,
        "mae": 1286.3709713955027,
        "mape": 1.912666981385493,
        "r2": 0.9931682407602933,
        "nse": 0.9931682407602933,
        "kge": 0.965877425564632,
        "skill_rmse": 0.6462464966363707,
        "skill_rmse_h1": 0.220694380575854
      },
      "macro": {
        "rmse": 1884.2354888236832,
        "mae": 1286.3708856374435,
        "mape": 1.9126668538743696,
        "r2": 0.9932041070192308,
        "nse": 0.9932041070192308
      },
      "per_horizon": {
        "rmse": [
          537.5693133228611,
          640.8160620449783,
          801.3035551481253,
          1000.8895409178582,
          1220.7638580773225,
          1450.610081458155,
          1678.5784780142685,
          1899.1181848671613,
          2111.799558859489,
          2316.217090741021,
          2516.871486720292,
          2715.7627860940647,
          2918.62505204398,
          3123.8139880691656,
          3330.7951802119946
        ],
        "mae": [
          389.18565228174606,
          453.1656994047619,
          572.4473214285714,
          724.4771577380952,
          889.568998015873,
          1049.8580481150793,
          1200.8402281746032,
          1342.7125,
          1474.4431919642857,
          1596.5395089285714,
          1709.8543650793652,
          1816.3400173611112,
          1919.6888764880953,
          2025.5551959325396,
          2130.8878100198413
        ],
        "mape": [
          0.5798833366178157,
          0.6704385767449981,
          0.8344718152385016,
          1.04629050729007,
          1.2780187431010845,
          1.5068976357541894,
          1.7291280141367609,
          1.945753393819968,
          2.1536758853747235,
          2.3533810867068197,
          2.5463715668951115,
          2.7325293075618977,
          2.9155116692543377,
          3.104288178812401,
          3.2933650034737196
        ],
        "r2": [
          0.9995415858714368,
          0.99934939535043,
          0.9989840479237941,
          0.9984171805812183,
          0.9976486407950295,
          0.9966845973432168,
          0.99556723798579,
          0.9943346192669592,
          0.9930056710117211,
          0.9915998400138284,
          0.9900979395628975,
          0.988490861281917,
          0.9867313423273933,
          0.9848272191971054,
          0.9827814267757237
        ],
        "nse": [
          0.9995415858714368,
          0.99934939535043,
          0.9989840479237941,
          0.9984171805812183,
          0.9976486407950295,
          0.9966845973432168,
          0.99556723798579,
          0.9943346192669592,
          0.9930056710117211,
          0.9915998400138284,
          0.9900979395628975,
          0.988490861281917,
          0.9867313423273933,
          0.9848272191971054,
          0.9827814267757237
        ]
      }
    },
    "14100000": {
      "overall": {
        "rmse": 2296.708840234626,
        "mae": 1490.1371684854498,
        "mape": 1.7622423281761483,
        "r2": 0.9950249167073059,
        "nse": 0.9950249167073059,
        "kge": 0.9785107534512197,
        "skill_rmse": 0.6690070336776048,
        "skill_rmse_h1": 0.41581257717234954
      },
      "macro": {
        "rmse": 2057.375467981928,
        "mae": 1490.1370691429786,
        "mape": 1.7622422106933342,
        "r2": 0.9950612507197241,
        "nse": 0.9950612507197241
      },
      "per_horizon": {
        "rmse": [
          469.1941206003454,
          594.1546254448123,
          803.1629690227714,
          1054.0791832677369,
          1324.8202607575618,
          1601.8183310418865,
          1868.4233901583275,
          2120.0031374904747,
          2354.1437770726543,
          2574.970977216187,
          2784.9174511817937,
          2991.7232233395007,
          3205.190244524378,
          3433.0170708850833,
          3681.015315100878
        ],
        "mae": [
          323.38836805555553,
          420.8414186507936,
          592.6541170634921,
          786.5534598214285,
          985.0718625992064,
          1180.0424603174604,
          1364.4339285714286,
          1536.010404265873,
          1699.0656498015874,
          1857.9636904761905,
          2007.6402777777778,
          2152.792547123016,
          2308.132750496032,
          2474.8729290674605,
          2662.5936631944446
        ],
        "mape": [
          0.3738282928422921,
          0.4767145797594397,
          0.6757849643934885,
          0.9020791990020377,
          1.1356153452205267,
          1.3652091801205068,
          1.5831855884147827,
          1.7874495557551617,
          1.984382874520759,
          2.1802767872544973,
          2.3716285283732637,
          2.5643038292365636,
          2.7745903874140057,
          3.001909124793461,
          3.2566766855414366
        ],