{
  "overall": {
    "10100000": {
      "overall": {
        "rmse": 2121.980111572488,
        "mae": 1375.5175657242064,
        "mape": 4.8376373284596434,
        "r2": 0.9744394503411973,
        "nse": 0.9744394503411973,
        "kge": 0.9429609669721456,
        "skill_rmse": 0.3454601827965803,
        "skill_rmse_h1": 0.2748236903279959
      },
      "macro": {
        "rmse": 1909.0733467878813,
        "mae": 1375.5174740230414,
        "mape": 4.8376370059505085,
        "r2": 0.9748942706964426,
        "nse": 0.9748942706964426
      },
      "per_horizon": {
        "rmse": [
          308.10084097376574,
          568.7111929614663,
          815.0251223918395,
          1055.4154217572154,
          1293.543807745025,
          1526.3185295598541,
          1753.6252507296508,
          1974.7285024833893,
          2189.135425807176,
          2397.4377796629183,
          2597.4564367233916,
          2786.094953755139,
          2963.4094504392597,
          3127.9655569601555,
          3279.1338389413218
        ],
        "mae": [
          232.3067150297619,
          426.1720982142857,
          608.6417100694445,
          779.1812313988095,
          947.3371403769842,
          1112.478546626984,
          1269.4352864583334,
          1418.8140873015873,
          1558.897054811508,
          1700.6621713789682,
          1838.6650359623015,
          1979.7714967757936,
          2119.5399677579367,
          2258.2801277281746,
          2382.5808159722224
        ],
        "mape": [
          0.7768877631650698,
          1.4475518261092013,
          2.08669098321919,
          2.6894309504700726,
          3.287002982824979,
          3.8715463602301705,
          4.423559929151114,
          4.949809640932037,
          5.451617881960151,
          5.974672453076032,
          6.489556901633087,
          7.020368875372743,
          7.539673774177026,
          8.050372798257436,
          8.505816806316338
        ],
        "r2": [
          0.999440581404057,
          0.9981029498009001,
          0.996122574270631,
          0.9935302562572251,
          0.9903305449809485,
          0.9866063313413524,
          0.9824144030915988,
          0.9778247386474753,
          0.9729042740734412,
          0.9676931068576118,
          0.9623042189540021,
          0.9568939943267892,
          0.9515306104595089,
          0.9463320215016223,
          0.9413834544794766
        ],
        "nse": [
          0.999440581404057,
          0.9981029498009001,
          0.996122574270631,
          0.9935302562572251,
          0.9903305449809485,
          0.9866063313413524,
          0.9824144030915988,
          0.9778247386474753,
          0.9729042740734412,
          0.9676931068576118,
          0.9623042189540021,
          0.9568939943267892,
          0.9515306104595089,
          0.9463320215016223,
          0.9413834544794766
        ]
      }
    },
    "13150000": {
      "overall": {
        "rmse": 2032.777256701487,
        "mae": 1253.3492270171957,
        "mape": 1.9068155121854238,
        "r2": 0.9935120813530455,
        "nse": 0.9935120813530455,
        "kge": 0.9731329031261798,
        "skill_rmse": 0.6552635771201943,
        "skill_rmse_h1": 0.5347208718840826
      },
      "macro": {
        "rmse": 1805.8875291511047,
        "mae": 1253.3491434605862,
        "mape": 1.9068153850643978,
        "r2": 0.9935483009326335,
        "nse": 0.9935483009326335
      },
      "per_horizon": {
        "rmse": [
          320.95210809535143,
          539.004789024018,
          743.789989447318,
          947.7421689268184,
          1149.734446348842,
          1354.2789030582214,
          1562.0144900324203,
          1774.2917486266315,
          1992.097014206238,
          2213.1295210673456,
          2438.776608640754,
          2667.320240814059,
          2899.1742186080337,
          3129.363008376585,
          3356.645487881459
        ],
        "mae": [
          242.4789310515873,
          396.5146205357143,
          545.3542906746031,
          687.4535218253968,
          829.9558283730158,
          966.0968874007937,
          1110.674330357143,
          1258.5555431547618,
          1402.753869047619,
          1546.953695436508,
          1685.1688244047618,
          1824.2923735119048,
          1956.6170386904762,
          2098.41861359127,
          2248.950037202381
        ],
        "mape": [
          0.3281549369317628,
          0.5543434045697736,
          0.777291487023461,
          0.9966233375724635,
          1.218032261481407,
          1.4326367488878904,
          1.6586447970756448,
          1.8909692708314139,
          2.121116948654323,
          2.355890391690929,
          2.585238322425082,
          2.819889377031341,
          3.047540561134049,
          3.2838957426500732,
          3.5319650948217416
        ],
        "r2": [
          0.9998365934274904,
          0.999539705661911,
          0.9991246540213171,
          0.998580813481433,
          0.9979143052919985,
          0.9971103108683841,
          0.9961615027731867,
          0.9950548988165541,
          0.9937761139100859,
          0.9923309300947746,
          0.9907028993423479,
          0.9888977889230438,
          0.9869076078307196,
          0.9847732666579123,
          0.9825131228883425
        ],
        "nse": [
          0.9998365934274904,
          0.999539705661911,
          0.9991246540213171,
          0.998580813481433,
          0.9979143052919985,
          0.9971103108683841,
          0.9961615027731867,
          0.9950548988165541,
          0.9937761139100859,
          0.9923309300947746,
          0.9907028993423479,
          0.9888977889230438,
          0.9869076078307196,
          0.9847732666579123,
          0.9825131228883425
        ]
      }
    },
    "14100000": {
      "overall": {
        "rmse": 2040.030592762604,
        "mae": 1510.7745378637567,
        "mape": 1.77207897757038,
        "r2": 0.9960747996173295,
        "nse": 0.9960747996173295,
        "kge": 0.9836003910110025,
        "skill_rmse": 0.70599852908741,
        "skill_rmse_h1": 0.4619029796554571
      },
      "macro": {
        "rmse": 1857.2277549258247,
        "mae": 1510.774437145461,
        "mape": 1.7720788594317893,
        "r2": 0.9961019699389458,
        "nse": 0.9961019699389458
      },
      "per_horizon": {
        "rmse": [
          432.17629889424944,
          687.4066237523042,
          898.1882341172892,
          1092.6988423166847,
          1283.3643702691331,
          1475.369799317772,
          1668.2674980628178,
          1863.135810918101,
          2059.9398732165555,
          2255.8922177021345,
          2448.743504056345,
          2640.435690811257,
          2831.0468360951763,
          3018.335990532557,
          3203.4165910527477
        ],
        "mae": [
          329.8703621031746,
          539.3770089285714,
          712.5869047619047,
          870.4141989087302,
          1031.7228050595238,
          1197.3366319444444,
          1364.1284226190476,
          1530.6019469246032,
          1697.8144097222223,
          1861.480679563492,
          2017.0819816468254,
          2164.1990327380954,
          2307.6760912698414,
          2447.9484871031746,
          2589.3791046626984
        ],
        "mape": [
          0.3619187072676267,
          0.6015589381529738,
          0.8070142332614537,
          0.9963218356894279,
          1.1912894114242896,
          1.3904936637874354,
          1.5894534776132274,
          1.7893790852023104,
          1.9882797881964804,
          2.1848389281173253,
          2.376038228818718,
          2.5591808115517223,
          2.7381373878015323,
          2.9144069238217885,
          3.092873242849387
        ],