{
  "overall": {
    "10100000": {
      "overall": {
        "rmse": 2218.3289447820207,
        "mae": 1490.0913227513227,
        "mape": 5.2994325224769545,
        "r2": 0.9720655926042957,
        "nse": 0.9720655926042957,
        "kge": 0.9618926888656634,
        "skill_rmse": 0.31574069546252215,
        "skill_rmse_h1": 0.31964590168431606
      },
      "macro": {
        "rmse": 2004.2883676251968,
        "mae": 1490.0912234119078,
        "mape": 5.299432169181477,
        "r2": 0.9725402202597732,
        "nse": 0.9725402202597732
      },
      "per_horizon": {
        "rmse": [
          289.0575352323223,
          569.8461812153774,
          852.6941156179615,
          1132.4802533819498,
          1406.8443350666205,
          1669.6789096758212,
          1916.295940938227,
          2144.158508030805,
          2353.1422108811853,
          2545.7406183082758,
          2724.45173888135,
          2890.829335209915,
          3046.7812262027724,
          3192.700584862019,
          3329.6260251617105
        ],
        "mae": [
          205.0387214781746,
          403.8424479166667,
          606.8047991071429,
          808.390271577381,
          1003.7634362599206,
          1186.7313616071428,
          1362.9074838789682,
          1533.4203062996032,
          1706.6837611607143,
          1879.5556919642856,
          2047.4369109623017,
          2199.3205853174604,
          2346.0519841269843,
          2473.0257316468255,
          2588.39634796627
        ],
        "mape": [
          0.726469916647667,
          1.442404067187038,
          2.182694520014777,
          2.920963327989448,
          3.6372275535270484,
          4.292882219535264,
          4.915634189646408,
          5.501408152418379,
          6.101403486186464,
          6.694569614270347,
          7.259625430617684,
          7.770112185531372,
          8.268102753878125,
          8.695710246258502,
          9.0822801734458
        ],
        "r2": [
          0.9995075980977365,
          0.9980953702821314,
          0.9957558763464582,
          0.9925509397984249,
          0.9885624815559351,
          0.9839721554787595,
          0.9790005126242838,
          0.9738562589466946,
          0.9686922482387776,
          0.9635725467253597,
          0.9585280515688279,
          0.9535922128047846,
          0.9487649966556316,
          0.944087656382888,
          0.9395643983899047
        ],
        "nse": [
          0.9995075980977365,
          0.9980953702821314,
          0.9957558763464582,
          0.9925509397984249,
          0.9885624815559351,
          0.9839721554787595,
          0.9790005126242838,
          0.9738562589466946,
          0.9686922482387776,
          0.9635725467253597,
          0.9585280515688279,
          0.9535922128047846,
          0.9487649966556316,
          0.944087656382888,
          0.9395643983899047
        ]
      }
    },
    "13150000": {
      "overall": {
        "rmse": 1919.8553981204154,
        "mae": 1129.9550595238095,
        "mape": 1.7607776465254688,
        "r2": 0.9942128752032485,
        "nse": 0.9942128752032485,
        "kge": 0.981714312710677,
        "skill_rmse": 0.6744138662588023,
        "skill_rmse_h1": 0.6163102188907774
      },
      "macro": {
        "rmse": 1692.7135725194976,
        "mae": 1129.9549841934772,
        "mape": 1.7607775291402998,
        "r2": 0.9942459296421181,
        "nse": 0.9942459296421181
      },
      "per_horizon": {
        "rmse": [
          264.6713194437333,
          466.20501689689235,
          662.4000889596352,
          856.7906623645347,
          1050.1015478638888,
          1248.8177314133732,
          1450.0857853313116,
          1656.5837371648113,
          1869.1362574582056,
          2086.373740957404,
          2308.7198538066464,
          2532.6468998308715,
          2758.6884891644863,
          2981.013340774137,
          3198.470809076104
        ],
        "mae": [
          188.5321304563492,
          329.64429563492064,
          463.08990575396825,
          596.1203249007937,
          728.4399677579365,
          867.2457713293651,
          1002.0832713293651,
          1133.06810515873,
          1265.9554811507937,
          1395.3899305555556,
          1522.727380952381,
          1650.1674479166666,
          1788.3107142857143,
          1934.4836557539682,
          2084.067509920635
        ],
        "mape": [
          0.2685820100192043,
          0.4830065462171067,
          0.6906184868766825,
          0.9009658941299719,
          1.1105803883565175,
          1.3287489162351098,
          1.5419050974406738,
          1.7522237392572138,
          1.963690765679267,
          2.1743213224626494,
          2.3871359327120345,
          2.601985506146792,
          2.830382937750305,
          3.0675093185983773,
          3.3100078360001244
        ],
        "r2": [
          0.9998888772910054,
          0.9996556466832418,
          0.9993057436716862,
          0.9988401321322723,
          0.9982601241896154,
          0.9975428424083428,
          0.996691900945483,
          0.9956892592641408,
          0.9945207314022912,
          0.99318425631382,
          0.9916680632102248,
          0.9899905907014983,
          0.9881457057512598,
          0.9861827157417238,
          0.9841223549251673
        ],
        "nse": [
          0.9998888772910054,
          0.9996556466832418,
          0.9993057436716862,
          0.9988401321322723,
          0.9982601241896154,
          0.9975428424083428,
          0.996691900945483,
          0.9956892592641408,
          0.9945207314022912,
          0.99318425631382,
          0.9916680632102248,
          0.9899905907014983,
          0.9881457057512598,
          0.9861827157417238,
          0.9841223549251673
        ]
      }
    },
    "14100000": {
      "overall": {
        "rmse": 1942.7217368268603,
        "mae": 1083.7005853174603,
        "mape": 1.4917234248134328,
        "r2": 0.996440330553649,
        "nse": 0.996440330553649,
        "kge": 0.9820021065959219,
        "skill_rmse": 0.7200223122990078,
        "skill_rmse_h1": 0.6375248351810546
      },
      "macro": {
        "rmse": 1724.44399907646,
        "mae": 1083.7005130707594,
        "mape": 1.4917233253652111,
        "r2": 0.9964675231956124,
        "nse": 0.9964675231956124
      },
      "per_horizon": {
        "rmse": [
          291.12440554350223,
          498.69372049698234,
          701.1171254018585,
          898.7720922768934,
          1096.8687688930038,
          1299.0427666680412,
          1501.841618505737,
          1706.9935985735494,
          1913.035869248759,
          2122.8128722742276,
          2335.831177881245,
          2551.8201654496806,
          2767.6991150110903,
          2982.8074515742824,
          3198.2009627920474
        ],
        "mae": [
          176.68797123015872,
          315.4037450396825,
          447.2062251984127,
          576.8156125992064,
          699.9030381944444,
          825.2171254960317,
          949.6880952380952,
          1071.7425595238096,
          1196.028621031746,
          1322.884759424603,
          1455.3177703373017,
          1593.442609126984,
          1729.8385044642857,
          1869.4923363095238,
          2025.839806547619
        ],
        "mape": [
          0.21992675716820612,
          0.3975479402093777,
          0.5721762515601646,
          0.7471676414416847,
          0.9207149132773549,
          1.0970574057696258,
          1.2755739015886094,
          1.453422620807251,
          1.6359006574612285,
          1.8248482717125671,
          2.022593935935387,
          2.2289925943936533,
          2.438139861582791,
          2.6533948611637888,
          2.888393758129802
        ],