{
  "overall": {
    "10100000": {
      "overall": {
        "rmse": 2171.645393594722,
        "mae": 1467.986998181217,
        "mape": 5.136820747171255,
        "r2": 0.9732289507739316,
        "nse": 0.9732289507739316,
        "kge": 0.973515245096994,
        "skill_rmse": 0.33014057426730936,
        "skill_rmse_h1": 0.1731637113438238
      },
      "macro": {
        "rmse": 1977.8387264723217,
        "mae": 1467.9869003154236,
        "mape": 5.136820404716563,
        "r2": 0.9736750720100498,
        "nse": 0.9736750720100498
      },
      "per_horizon": {
        "rmse": [
          351.292440865612,
          643.0971579702368,
          913.0687468706466,
          1170.7307718286902,
          1419.4564188962938,
          1654.0253378402792,
          1875.6775402695775,
          2083.5947465187255,
          2279.2556123917957,
          2466.170579162408,
          2644.8614813945896,
          2812.912358919772,
          2971.611833720433,
          3119.9605001278737,
          3261.8673481466208
        ],
        "mae": [
          256.6493861607143,
          461.07913566468255,
          652.0401165674604,
          839.2495473710318,
          1021.5973524305556,
          1192.6262586805556,
          1352.486576140873,
          1509.6195250496032,
          1660.9023189484126,
          1808.988213045635,
          1962.5282924107144,
          2114.7955171130952,
          2261.4240141369046,
          2395.8170262896824,
          2530.0016927083334
        ],
        "mape": [
          0.8763412591983324,
          1.6043239874415514,
          2.289874977960263,
          2.956131202615379,
          3.606294020847467,
          4.207728554459051,
          4.763484009348586,
          5.304804431565803,
          5.821538410452485,
          6.331919756621283,
          6.845979003409554,
          7.374275621554374,
          7.885810807472743,
          8.357113854426313,
          8.826691310195638
        ],
        "r2": [
          0.9992727416088857,
          0.9975742365268411,
          0.9951335927339435,
          0.9920392446961324,
          0.9883564921325494,
          0.9842712751919741,
          0.9798813011555787,
          0.9753123094405206,
          0.9706274536048797,
          0.9658141226284954,
          0.9609157246057054,
          0.9560601715722221,
          0.951261923513647,
          0.9466063630675682,
          0.9419991276718023
        ],
        "nse": [
          0.9992727416088857,
          0.9975742365268411,
          0.9951335927339435,
          0.9920392446961324,
          0.9883564921325494,
          0.9842712751919741,
          0.9798813011555787,
          0.9753123094405206,
          0.9706274536048797,
          0.9658141226284954,
          0.9609157246057054,
          0.9560601715722221,
          0.951261923513647,
          0.9466063630675682,
          0.9419991276718023
        ]
      }
    },
    "13150000": {
      "overall": {
        "rmse": 2471.8308419932646,
        "mae": 1662.583206845238,
        "mape": 2.2902086420808487,
        "r2": 0.9904068043240173,
        "nse": 0.9904068043240173,
        "kge": 0.9803547754580252,
        "skill_rmse": 0.5808049703313503,
        "skill_rmse_h1": 0.5126877582913966
      },
      "macro": {
        "rmse": 2178.8462210319726,
        "mae": 1662.5830960063652,
        "mape": 2.290208489400283,
        "r2": 0.9904612851354483,
        "nse": 0.9904612851354483
      },
      "per_horizon": {
        "rmse": [
          336.1506713408429,
          588.4255716085353,
          835.0922209124813,
          1083.716785900432,
          1340.1634422388022,
          1605.206863598614,
          1878.955293974763,
          2155.149423363308,
          2435.2110357356796,
          2714.837807639094,
          2993.8438703696834,
          3271.096622259443,
          3545.2351276505196,
          3815.8371376235473,
          4083.7736201100647
        ],
        "mae": [
          264.53413938492065,
          466.6613343253968,
          663.1356398809523,
          852.680220734127,
          1044.8101810515873,
          1239.3583581349205,
          1440.6781374007937,
          1644.7823536706348,
          1851.597904265873,
          2057.1051339285714,
          2265.7365823412697,
          2479.4102430555554,
          2684.132204861111,
          2887.603621031746,
          3096.522048611111
        ],
        "mape": [
          0.3408222704366816,
          0.6059766203403028,
          0.87199211660401,
          1.1357798447556788,
          1.4032955669261755,
          1.6715494802558926,
          1.9513382033485485,
          2.2410463498479625,
          2.5390019806941764,
          2.83630054109256,
          3.1385517022422746,
          3.4491556148112856,
          3.753433696687477,
          4.054127285467674,
          4.360758357702037
        ],
        "r2": [
          0.9998207508844847,
          0.9994514282221717,
          0.9988965619408516,
          0.9981443730626414,
          0.9971661870109674,
          0.9959402722110521,
          0.994445768096823,
          0.9927040829166864,
          0.99069933776164,
          0.9884597076420109,
          0.985989236982074,
          0.9833027133130781,
          0.9804223542716773,
          0.9773600994884388,
          0.9741164032271286
        ],
        "nse": [
          0.9998207508844847,
          0.9994514282221717,
          0.9988965619408516,
          0.9981443730626414,
          0.9971661870109674,
          0.9959402722110521,
          0.994445768096823,
          0.9927040829166864,
          0.99069933776164,
          0.9884597076420109,
          0.985989236982074,
          0.9833027133130781,
          0.9804223542716773,
          0.9773600994884388,
          0.9741164032271286
        ]
      }
    },
    "14100000": {
      "overall": {
        "rmse": 2372.1009375786484,
        "mae": 1572.1276025132274,
        "mape": 1.8451002552881635,
        "r2": 0.9946929301666699,
        "nse": 0.9946929301666699,
        "kge": 0.9788095801535134,
        "skill_rmse": 0.6581418105809691,
        "skill_rmse_h1": 0.5056296167500995
      },
      "macro": {
        "rmse": 2130.365608532108,
        "mae": 1572.1274977047276,
        "mape": 1.845100132281488,
        "r2": 0.9947316423394768,
        "nse": 0.9947316423394768
      },
      "per_horizon": {
        "rmse": [
          397.05695151233226,
          674.120806358465,
          935.5537335156154,
          1184.0224727235477,
          1427.3297231843917,
          1665.3032823640267,
          1898.2890276802627,
          2130.4915670809314,
          2368.290209518012,
          2608.1814308999838,
          2848.1341996614383,
          3088.8838755189663,
          3332.0079509792818,
          3576.347874590194,
          3821.473152759779
        ],
        "mae": [
          283.12250744047617,
          496.2788194444444,
          684.7285218253968,
          864.6531001984127,
          1052.7681299603175,
          1225.1227058531747,
          1393.362003968254,
          1562.0724206349207,
          1730.3909722222222,
          1905.816369047619,
          2079.8952628968254,
          2265.9432043650795,
          2464.903348214286,
          2679.677306547619,
          2893.179365079365
        ],
        "mape": [
          0.3180840004088195,
          0.5546185835135136,
          0.7708483445956904,
          0.9807008359139521,
          1.2005767730809682,
          1.40506087176285,
          1.6060646152692162,
          1.8074959739148462,
          2.0107956633170803,
          2.225945284286242,
          2.443704772343923,
          2.680233998612345,
          2.944384152664874,
          3.224466941407964,
          3.503523018230164
        ],