{
  "overall": {
    "10100000": {
      "overall": {
        "rmse": 2346.929156233936,
        "mae": 1581.718043154762,
        "mape": 5.751371528523496,
        "r2": 0.968732905150224,
        "nse": 0.968732905150224,
        "kge": 0.9388716412129718,
        "skill_rmse": 0.2760730543452785,
        "skill_rmse_h1": 0.1922719250121535
      },
      "macro": {
        "rmse": 2120.562742095472,
        "mae": 1581.7179377068994,
        "mape": 5.751371145098752,
        "r2": 0.9692797911855628,
        "nse": 0.9692797911855628
      },
      "per_horizon": {
        "rmse": [
          343.17406106997083,
          652.3233109081837,
          943.1055932708314,
          1218.189538470756,
          1480.5395529720297,
          1730.1320186678654,
          1968.715764367658,
          2197.3970864085377,
          2418.3685107171123,
          2633.477962770575,
          2843.40370176949,
          3048.310018199008,
          3249.116770493655,
          3445.2950198865087,
          3636.8943420226356
        ],
        "mae": [
          253.09317956349207,
          479.74878472222224,
          690.3868117559524,
          889.8076388888888,
          1075.7254216269841,
          1258.950105406746,
          1437.8324652777778,
          1615.8411706349207,
          1795.386966765873,
          1970.405040922619,
          2137.8522135416665,
          2302.4997829861113,
          2457.120696924603,
          2602.304129464286,
          2758.8162388392857
        ],
        "mape": [
          0.9165650434212871,
          1.7484002087311497,
          2.529353806291914,
          3.2669946538569286,
          3.9419138612118996,
          4.601186057753539,
          5.236006977512505,
          5.872679035740077,
          6.516942768385303,
          7.1426381747523,
          7.74613184463712,
          8.349088987073335,
          8.922357265557988,
          9.455871496725866,
          10.024442746201224
        ],
        "r2": [
          0.9993059671297702,
          0.9975041351293128,
          0.994808149988604,
          0.9913807408468418,
          0.9873328257966671,
          0.9827905225091088,
          0.9778359270297585,
          0.9725418643390157,
          0.9669325663091608,
          0.9610183800913327,
          0.95482759115993,
          0.9483982748535982,
          0.941734045352055,
          0.934890532217399,
          0.927895345030889
        ],
        "nse": [
          0.9993059671297702,
          0.9975041351293128,
          0.994808149988604,
          0.9913807408468418,
          0.9873328257966671,
          0.9827905225091088,
          0.9778359270297585,
          0.9725418643390157,
          0.9669325663091608,
          0.9610183800913327,
          0.95482759115993,
          0.9483982748535982,
          0.941734045352055,
          0.934890532217399,
          0.927895345030889
        ]
      }
    },
    "13150000": {
      "overall": {
        "rmse": 2825.7542984209454,
        "mae": 1635.692648809524,
        "mape": 2.5389857584679647,
        "r2": 0.9874629717854485,
        "nse": 0.9874629717854485,
        "kge": 0.9597249528785196,
        "skill_rmse": 0.5207834869445689,
        "skill_rmse_h1": 0.4501865320237045
      },
      "macro": {
        "rmse": 2529.27297231794,
        "mae": 1635.6925397633543,
        "mape": 2.5389855892022584,
        "r2": 0.9875288045361704,
        "nse": 0.9875288045361704
      },
      "per_horizon": {
        "rmse": [
          379.264361848281,
          715.6220059464899,
          1046.1653092971503,
          1370.8542110762273,
          1688.0600758333405,
          1999.6769554091695,
          2304.388092634104,
          2601.8096652766785,
          2891.7750820013202,
          3172.5240358876167,
          3444.776463417938,
          3707.6970554015,
          3962.7575002722606,
          4208.399087399416,
          4445.32721234058
        ],
        "mae": [
          247.67528521825398,
          454.6586185515873,
          661.1424851190476,
          865.2020833333333,
          1069.557105654762,
          1273.2822916666667,
          1469.5777405753968,
          1663.3436011904762,
          1858.0029265873015,
          2046.4524925595238,
          2230.834474206349,
          2413.3969246031747,
          2591.3596354166666,
          2761.3921006944443,
          2929.5119667658732
        ],
        "mape": [
          0.36491829566661754,
          0.6859658953205853,
          1.0065293206186674,
          1.3272123862688465,
          1.6476203206898916,
          1.9665524656534754,
          2.2765629863405463,
          2.583144365243715,
          2.887750356732951,
          3.183745121562383,
          3.474238083664642,
          3.761318861900028,
          4.041109117337262,
          4.30768204172015,
          4.570436758299707
        ],
        "r2": [
          0.9997718223376927,
          0.9991886322171903,
          0.9982682718661962,
          0.9970307852539038,
          0.9955039467110954,
          0.9936997964384204,
          0.9916458482558858,
          0.9893665017990679,
          0.9868849579078685,
          0.9842406291272245,
          0.9814507830134149,
          0.9785480071842377,
          0.9755394977060784,
          0.9724622350516274,
          0.9693303531726511
        ],
        "nse": [
          0.9997718223376927,
          0.9991886322171903,
          0.9982682718661962,
          0.9970307852539038,
          0.9955039467110954,
          0.9936997964384204,
          0.9916458482558858,
          0.9893665017990679,
          0.9868849579078685,
          0.9842406291272245,
          0.9814507830134149,
          0.9785480071842377,
          0.9755394977060784,
          0.9724622350516274,
          0.9693303531726511
        ]
      }
    },
    "14100000": {
      "overall": {
        "rmse": 3099.6536586391435,
        "mae": 2045.5830464616402,
        "mape": 2.5405853147420205,
        "r2": 0.990938192903785,
        "nse": 0.990938192903785,
        "kge": 0.962822693536473,
        "skill_rmse": 0.5532896721291737,
        "skill_rmse_h1": 0.44547600014965516
      },
      "macro": {
        "rmse": 2786.289250120143,
        "mae": 2045.582910089446,
        "mape": 2.5405851453696773,
        "r2": 0.9910024749959028,
        "nse": 0.9910024749959028
      },
      "per_horizon": {
        "rmse": [
          445.36973973561203,
          827.1307917023623,
          1192.501665605944,
          1543.685220819859,
          1886.1276177204493,
          2223.4374032392216,
          2551.919877562126,
          2871.968757359054,
          3182.4531354194337,
          3484.393918412276,
          3774.7437536760417,
          4054.058110703004,
          4324.8908799567,
          4587.888464973547,
          4843.772201205767
        ],
        "mae": [
          316.2508060515873,
          612.1611235119047,
          886.266369047619,
          1143.4399925595237,
          1386.9328993055556,
          1623.7820064484126,
          1857.2718501984127,
          2086.314310515873,
          2313.9284598214285,
          2538.045275297619,
          2754.3916046626982,
          2965.801264880952,
          3180.6314484126983,
          3397.6788442460315,
          3620.8494419642857
        ],
        "mape": [
          0.36588978731180594,
          0.7157699439760562,
          1.0487042683073764,
          1.3680071564406826,
          1.6759483770302823,
          1.9798192322602763,
          2.282539479966653,
          2.582157997032501,
          2.8790039043435307,
          3.1698545921395946,
          3.452043311745909,
          3.7275647918613486,
          4.005794347418513,
          4.28503613058573,
          4.5706464007100465
        ],