{
  "overall": {
    "10100000": {
      "overall": {
        "rmse": 2151.0062780971357,
        "mae": 1441.6385577876983,
        "mape": 4.765199053906474,
        "r2": 0.9737353918145146,
        "nse": 0.9737353918145146,
        "kge": 0.9821707414229772,
        "skill_rmse": 0.3365068558414658,
        "skill_rmse_h1": 0.2492549190448342
      },
      "macro": {
        "rmse": 1941.6490808779647,
        "mae": 1441.6384616784678,
        "mape": 4.765198736226559,
        "r2": 0.9741956371655045,
        "nse": 0.9741956371655045
      },
      "per_horizon": {
        "rmse": [
          318.9640749624368,
          593.1356797023903,
          850.3939742861875,
          1098.052957162147,
          1338.738306278821,
          1571.9229559598684,
          1798.456676853915,
          2016.6996066082663,
          2226.08896251709,
          2428.360535132673,
          2623.332100886103,
          2809.1866223997404,
          2986.136219918655,
          3153.1862125662965,
          3312.083269583962
        ],
        "mae": [
          236.32299107142856,
          436.4189732142857,
          624.4671440972222,
          810.0137028769841,
          988.9771329365079,
          1155.944109623016,
          1316.500217013889,
          1472.424107142857,
          1619.510584077381,
          1770.345920138889,
          1929.066480654762,
          2089.4312748015873,
          2245.107037450397,
          2393.926345486111,
          2536.1223462301587
        ],
        "mape": [
          0.8093107146809534,
          1.5024280496543556,
          2.1446720758768896,
          2.769888594971342,
          3.364033108338809,
          3.897634954925924,
          4.4019539325746875,
          4.883180627851576,
          5.341396303557136,
          5.822870311899806,
          6.34348709476717,
          6.858929624272984,
          7.343491754943815,
          7.791147507251566,
          8.203561153030096
        ],
        "r2": [
          0.9994004372076879,
          0.9979365052387325,
          0.9957787425036368,
          0.9929969572199204,
          0.9896430686989061,
          0.9857940032720252,
          0.9815037581868832,
          0.9768720902013189,
          0.9719817784330577,
          0.9668543272580876,
          0.9615494329995082,
          0.9561764921580201,
          0.950784323700241,
          0.9454630871398235,
          0.9401995532647186
        ],
        "nse": [
          0.9994004372076879,
          0.9979365052387325,
          0.9957787425036368,
          0.9929969572199204,
          0.9896430686989061,
          0.9857940032720252,
          0.9815037581868832,
          0.9768720902013189,
          0.9719817784330577,
          0.9668543272580876,
          0.9615494329995082,
          0.9561764921580201,
          0.950784323700241,
          0.9454630871398235,
          0.9401995532647186
        ]
      }
    },
    "13150000": {
      "overall": {
        "rmse": 2021.8534545671355,
        "mae": 1304.860695271164,
        "mape": 1.877009359453996,
        "r2": 0.9935816239556651,
        "nse": 0.9935816239556651,
        "kge": 0.9860995195082848,
        "skill_rmse": 0.6571161325143617,
        "skill_rmse_h1": 0.5768523273984549
      },
      "macro": {
        "rmse": 1779.217227438304,
        "mae": 1304.8606082804567,
        "mape": 1.8770092343200475,
        "r2": 0.9936188365264755,
        "nse": 0.9936188365264755
      },
      "per_horizon": {
        "rmse": [
          291.889597771238,
          500.8609252994249,
          697.6855626916747,
          895.0548619675474,
          1092.796953106721,
          1296.4663965671887,
          1506.2252323100117,
          1721.755672915878,
          1944.6462147061004,
          2173.5989824926705,
          2411.995775134779,
          2657.7864273338614,
          2910.205692009061,
          3165.2018124138226,
          3422.0900840718036
        ],
        "mae": [
          213.76478174603176,
          367.2864831349206,
          511.3917534722222,
          662.3823908730159,
          801.4686383928571,
          940.5062624007936,
          1081.1954737103174,
          1230.2250868055555,
          1398.125,
          1579.4219742063492,
          1768.3273561507935,
          1954.6211929563492,
          2149.2335317460315,
          2350.0519965277776,
          2564.9085069444445
        ],
        "mape": [
          0.2996637356412953,
          0.5216966025816686,
          0.7332646799542759,
          0.9513158510681744,
          1.1541010365002462,
          1.3558827874768173,
          1.5592164506276143,
          1.775280849066318,
          2.019966919445822,
          2.2801868413564965,
          2.550786105298856,
          2.8186703622782514,
          3.092035275586376,
          3.372484851367012,
          3.6705880435607185
        ],
        "r2": [
          0.9998648468128333,
          0.9996025479987757,
          0.999229808794412,
          0.9987342195613915,
          0.9981157670077828,
          0.9973517594715102,
          0.9964307994448753,
          0.9953434082783631,
          0.9940690826545857,
          0.9926024505304177,
          0.990905965932917,
          0.9889770124406287,
          0.9868077841271942,
          0.9844225034187808,
          0.9818245914226646
        ],
        "nse": [
          0.9998648468128333,
          0.9996025479987757,
          0.999229808794412,
          0.9987342195613915,
          0.9981157670077828,
          0.9973517594715102,
          0.9964307994448753,
          0.9953434082783631,
          0.9940690826545857,
          0.9926024505304177,
          0.990905965932917,
          0.9889770124406287,
          0.9868077841271942,
          0.9844225034187808,
          0.9818245914226646
        ]
      }
    },
    "14100000": {
      "overall": {
        "rmse": 1748.455925793108,
        "mae": 1099.5190476190476,
        "mape": 1.4252320035147912,
        "r2": 0.9971166467633902,
        "nse": 0.9971166467633902,
        "kge": 0.9842609641766944,
        "skill_rmse": 0.7480191641082772,
        "skill_rmse_h1": 0.6023684738355004
      },
      "macro": {
        "rmse": 1580.4462508832798,
        "mae": 1099.5189743177827,
        "mape": 1.4252319084993306,
        "r2": 0.9971372213794122,
        "nse": 0.9971372213794122
      },
      "per_horizon": {
        "rmse": [
          319.36047739385737,
          531.9636272496286,
          732.2441363331269,
          916.8268625988867,
          1090.502511643516,
          1257.3988877410836,
          1419.506295981198,
          1580.7728613268578,
          1743.8212572888806,
          1909.8875824423028,
          2079.775843152867,
          2256.7583794611965,
          2437.2816653403843,
          2621.4304785280024,
          2809.164477213656
        ],
        "mae": [
          220.4781498015873,
          388.7458209325397,
          543.270386904762,
          673.1477182539683,
          792.6600446428571,
          900.195349702381,
          1005.6258680555555,
          1100.8703993055556,
          1198.655220734127,
          1302.3706473214286,
          1415.2148561507936,
          1536.2746527777779,
          1667.6878100198412,
          1804.5226314484128,
          1943.066158234127
        ],
        "mape": [
          0.26298789198530975,
          0.4705412902653342,
          0.6664566314282837,
          0.8364504362616749,
          0.9955381412843936,
          1.1406476284124325,
          1.2814875425596488,
          1.412801132037516,
          1.5480936820071551,
          1.6905692205664253,
          1.845663733501033,
          2.0160653108223063,
          2.20406410670678,
          2.4034116731058046,
          2.6037016317777693
        ],