{
  "overall": {
    "10100000": {
      "overall": {
        "rmse": 2223.0694200291723,
        "mae": 1409.1438091104496,
        "mape": 5.118574234151226,
        "r2": 0.9719460757605116,
        "nse": 0.9719460757605116,
        "kge": 0.9266151874283876,
        "skill_rmse": 0.3142784685488321,
        "skill_rmse_h1": 0.2840613665917914
      },
      "macro": {
        "rmse": 2008.7799901925016,
        "mae": 1409.1437151675354,
        "mape": 5.118573892912967,
        "r2": 0.9724252347241504,
        "nse": 0.9724252347241504
      },
      "per_horizon": {
        "rmse": [
          304.1760908301681,
          585.5397217955754,
          862.0741563124757,
          1134.1251048519193,
          1400.735423406721,
          1656.7491969314376,
          1900.6757733102258,
          2130.8618974670317,
          2347.413677588868,
          2550.2181594949484,
          2738.0142006276947,
          2910.1434701877356,
          3067.283534067665,
          3208.769743410748,
          3334.921711384299
        ],
        "mae": [
          220.55884796626984,
          426.65213913690474,
          624.9821056547619,
          814.0894655257937,
          993.4195498511905,
          1167.4909660218254,
          1333.7521763392858,
          1490.9674665178572,
          1634.3490203373017,
          1774.7871217757936,
          1909.9416046626984,
          2033.6954675099207,
          2144.9962921626984,
          2240.5750496031746,
          2326.89986359127
        ],
        "mape": [
          0.7882590235657976,
          1.5421004255208681,
          2.269985609734692,
          2.965502047350304,
          3.6180849115840084,
          4.251627225371815,
          4.854179006450861,
          5.417191873010889,
          5.926634609661309,
          6.434542948442627,
          6.931233517022127,
          7.3852113755863815,
          7.799162248819204,
          8.14218613907974,
          8.452712551067783
        ],
        "r2": [
          0.9994547429622943,
          0.9979890188688747,
          0.9956619880098075,
          0.9925292855703788,
          0.9886615957139013,
          0.9842194282147875,
          0.9793414606523289,
          0.9741795049187701,
          0.9688444950667402,
          0.9634442942011519,
          0.9581141248685164,
          0.9529700242393311,
          0.9480731386166451,
          0.9435234160097435,
          0.9393720029489866
        ],
        "nse": [
          0.9994547429622943,
          0.9979890188688747,
          0.9956619880098075,
          0.9925292855703788,
          0.9886615957139013,
          0.9842194282147875,
          0.9793414606523289,
          0.9741795049187701,
          0.9688444950667402,
          0.9634442942011519,
          0.9581141248685164,
          0.9529700242393311,
          0.9480731386166451,
          0.9435234160097435,
          0.9393720029489866
        ]
      }
    },
    "13150000": {
      "overall": {
        "rmse": 2105.305846508905,
        "mae": 1393.1804050925925,
        "mape": 1.9435754347461915,
        "r2": 0.9930408499209962,
        "nse": 0.9930408499209962,
        "kge": 0.9655911271939301,
        "skill_rmse": 0.6429635346417096,
        "skill_rmse_h1": 0.5826644804682077
      },
      "macro": {
        "rmse": 1849.7996371226345,
        "mae": 1393.1803122139054,
        "mape": 1.9435753051745046,
        "r2": 0.9930812252537714,
        "nse": 0.9930812252537714
      },
      "per_horizon": {
        "rmse": [
          287.8803425358618,
          505.7982402496496,
          714.2869610539191,
          921.5523148179017,
          1129.2546033434717,
          1343.8736002533979,
          1564.9440179817032,
          1793.7918679115091,
          2031.2020936335634,
          2274.828339703854,
          2525.0590771789853,
          2778.692997966105,
          3036.343124701222,
          3292.857529108163,
          3546.63129619985
        ],
        "mae": [
          207.78096478174604,
          376.31894841269843,
          534.8252728174604,
          692.9969618055555,
          853.4653521825397,
          1016.8102802579365,
          1185.0571924603175,
          1361.2827256944445,
          1537.941654265873,
          1719.2823040674602,
          1899.1484375,
          2083.726661706349,
          2276.2033358134922,
          2473.7668154761905,
          2679.0991691468253
        ],
        "mape": [
          0.2804611893273874,
          0.5134473467342053,
          0.7317101901957554,
          0.9506380551563519,
          1.1727171616900445,
          1.396724335954546,
          1.6284503933580643,
          1.8732692720544872,
          2.124191835292934,
          2.385263054223987,
          2.6508295944079956,
          2.9246907887015414,
          3.2094506453254166,
          3.50299810876351,
          3.80878955000665
        ],
        "r2": [
          0.9998685341126766,
          0.9995946734864192,
          0.9991927193780298,
          0.9986581651829439,
          0.9979879471122147,
          0.9971545448582855,
          0.9961470912170113,
          0.9949456045429738,
          0.9935293644791631,
          0.9918973646586182,
          0.9900334103358684,
          0.9879512971951051,
          0.9856394169345505,
          0.9831406535812647,
          0.9804775917314481
        ],
        "nse": [
          0.9998685341126766,
          0.9995946734864192,
          0.9991927193780298,
          0.9986581651829439,
          0.9979879471122147,
          0.9971545448582855,
          0.9961470912170113,
          0.9949456045429738,
          0.9935293644791631,
          0.9918973646586182,
          0.9900334103358684,
          0.9879512971951051,
          0.9856394169345505,
          0.9831406535812647,
          0.9804775917314481
        ]
      }
    },
    "14100000": {
      "overall": {
        "rmse": 2353.911370976173,
        "mae": 1649.0796759259258,
        "mape": 1.9024269231350983,
        "r2": 0.994774008660393,
        "nse": 0.994774008660393,
        "kge": 0.9758500362516578,
        "skill_rmse": 0.6607632219241923,
        "skill_rmse_h1": 0.6038538323129683
      },
      "macro": {
        "rmse": 2077.9356873399793,
        "mae": 1649.079565987288,
        "mape": 1.902426796306645,
        "r2": 0.9948143841898474,
        "nse": 0.9948143841898474
      },
      "per_horizon": {
        "rmse": [
          318.1675015827066,
          558.1721348363658,
          798.0156128388551,
          1039.9534388065988,
          1288.5481639589966,
          1546.0024716139444,
          1806.0031726510963,
          2068.417675222129,
          2331.0082340843655,
          2594.537630504944,
          2854.796818513647,
          3111.5263192376965,
          3366.3499997710433,
          3618.7274561237073,
          3868.810758289286
        ],
        "mae": [
          212.48723958333332,
          401.3653025793651,
          593.0910466269842,
          789.2165798611111,
          994.5343874007937,
          1207.6980902777777,
          1421.8198412698412,
          1637.181572420635,
          1853.3898561507935,
          2069.898834325397,
          2285.449751984127,
          2497.4421254960316,
          2709.757886904762,
          2924.324330357143,
          3138.5382936507935
        ],
        "mape": [
          0.23804346834169154,
          0.45219364437539467,
          0.6722607490110001,
          0.898055743866904,
          1.1340063079645173,
          1.3774008968999643,
          1.6226414521298533,
          1.869697886623086,
          2.1204558182253046,
          2.3744134877265766,
          2.6323722167237578,
          2.8908931960048623,
          3.1517772357377987,
          3.4183940901085306,
          3.6837976532872303
        ],