{
  "overall": {
    "10100000": {
      "overall": {
        "rmse": 2053.63142896016,
        "mae": 1361.7435672949734,
        "mape": 4.676463698275805,
        "r2": 0.9760595353668267,
        "nse": 0.9760595353668267,
        "kge": 0.9500713779664286,
        "skill_rmse": 0.3665428187643678,
        "skill_rmse_h1": 0.29688256034096894
      },
      "macro": {
        "rmse": 1855.0553403974889,
        "mae": 1361.7434765120752,
        "mape": 4.676463386511579,
        "r2": 0.9764753771691898,
        "nse": 0.9764753771691898
      },
      "per_horizon": {
        "rmse": [
          298.72883541969304,
          561.0239314146398,
          810.4254714063815,
          1050.557399722271,
          1285.7521947655712,
          1513.1385320621464,
          1731.0192124726132,
          1939.202487917018,
          2137.9399774952467,
          2328.3173918102675,
          2509.489014663233,
          2680.839856990618,
          2843.1808298423152,
          2996.1343582779637,
          3140.0824667576944
        ],
        "mae": [
          214.92211061507936,
          407.24481026785713,
          590.287748015873,
          762.8589161706349,
          929.3277653769841,
          1090.4354414682539,
          1252.6650731646826,
          1411.0866629464285,
          1565.1624441964286,
          1714.3593253968254,
          1852.7447730654762,
          1982.4902901785715,
          2103.2554563492063,
          2220.0470734126984,
          2329.265618799603
        ],
        "mape": [
          0.7471492191570738,
          1.4199032408205232,
          2.0502107941178993,
          2.645980902421157,
          3.212079826857736,
          3.7550754622380293,
          4.295115862872313,
          4.820031752092169,
          5.339305628882244,
          5.8573958780051925,
          6.3388672286054994,
          6.791518437820547,
          7.21154699271587,
          7.62896757613024,
          8.033806671400583
        ],
        "r2": [
          0.9994740972727335,
          0.9981538879969535,
          0.9961662158188652,
          0.9935896789666715,
          0.9904466813575856,
          0.9868366454473723,
          0.9828648737057034,
          0.9786154420565732,
          0.9741567844899881,
          0.9695291288976955,
          0.9648142511092456,
          0.9600894513763631,
          0.9553837370191376,
          0.9507604718645211,
          0.9462493101584372
        ],
        "nse": [
          0.9994740972727335,
          0.9981538879969535,
          0.9961662158188652,
          0.9935896789666715,
          0.9904466813575856,
          0.9868366454473723,
          0.9828648737057034,
          0.9786154420565732,
          0.9741567844899881,
          0.9695291288976955,
          0.9648142511092456,
          0.9600894513763631,
          0.9553837370191376,
          0.9507604718645211,
          0.9462493101584372
        ]
      }
    },
    "13150000": {
      "overall": {
        "rmse": 1816.7141614505736,
        "mae": 1159.493874834656,
        "mape": 1.7096698680599087,
        "r2": 0.9948179808619946,
        "nse": 0.9948179808619946,
        "kge": 0.9726149354725174,
        "skill_rmse": 0.6919054759448606,
        "skill_rmse_h1": 0.5637716460159969
      },
      "macro": {
        "rmse": 1610.9354831251228,
        "mae": 1159.4937975350697,
        "mape": 1.7096697540819252,
        "r2": 0.9948474084930279,
        "nse": 0.9948474084930279
      },
      "per_horizon": {
        "rmse": [
          300.9127239149441,
          493.0786609486829,
          671.331948061617,
          845.2500383679632,
          1016.4643843471823,
          1191.7091583215106,
          1369.6870938264155,
          1555.4587145597177,
          1749.5528769632829,
          1951.5429823337333,
          2162.6435550504702,
          2380.1056003899403,
          2603.2742975760675,
          2825.908067368404,
          3047.1137557823936
        ],
        "mae": [
          230.49890873015872,
          379.84830109126983,
          515.2009052579365,
          645.6767237103174,
          774.9198040674603,
          899.3732390873016,
          1021.8220734126984,
          1148.2668898809525,
          1280.5080853174604,
          1415.5341517857144,
          1548.1237475198413,
          1680.0827256944444,
          1815.556361607143,
          1948.4404761904761,
          2088.555729166667
        ],
        "mape": [
          0.30665259320409705,
          0.5177714565586992,
          0.7152087486766152,
          0.9121666150815037,
          1.1096117405428914,
          1.298945337970462,
          1.4848308642667911,
          1.6790680869515264,
          1.8802410185759062,
          2.0876434714661722,
          2.296400451687419,
          2.5104046371229862,
          2.730026390203086,
          2.945378626635216,
          3.1706979819552576
        ],
        "r2": [
          0.9998563617320735,
          0.9996148030844556,
          0.9992868946187891,
          0.9988711676001545,
          0.9983698033920239,
          0.9977624360715113,
          0.9970485607962429,
          0.9961994881289016,
          0.9951994078350199,
          0.9940367189822309,
          0.9926890572698642,
          0.9911600133077166,
          0.989443736098506,
          0.987583164955492,
          0.9855895135224361
        ],
        "nse": [
          0.9998563617320735,
          0.9996148030844556,
          0.9992868946187891,
          0.9988711676001545,
          0.9983698033920239,
          0.9977624360715113,
          0.9970485607962429,
          0.9961994881289016,
          0.9951994078350199,
          0.9940367189822309,
          0.9926890572698642,
          0.9911600133077166,
          0.989443736098506,
          0.987583164955492,
          0.9855895135224361
        ]
      }
    },
    "14100000": {
      "overall": {
        "rmse": 2262.3275296784923,
        "mae": 1562.1646205357142,
        "mape": 1.8449792998796972,
        "r2": 0.9951727539847561,
        "nse": 0.9951727539847561,
        "kge": 0.9800986077617502,
        "skill_rmse": 0.6739619377419196,
        "skill_rmse_h1": 0.5167529086998246
      },
      "macro": {
        "rmse": 2047.4058171298866,
        "mae": 1562.1645163914134,
        "mape": 1.8449791768810855,
        "r2": 0.9952064503638802,
        "nse": 0.9952064503638802
      },
      "per_horizon": {
        "rmse": [
          388.1232035735789,
          671.7981602538563,
          933.0813277787654,
          1178.8684881847682,
          1412.9294636464238,
          1643.9792174911936,
          1869.4980287667245,
          2089.8188198578614,
          2307.0249196713053,
          2522.499265326735,
          2732.8062774812797,
          2938.9802996107605,
          3141.5976444487164,
          3341.1888258741747,
          3538.8953623879734
        ],
        "mae": [
          273.75792410714286,
          490.7104662698413,
          687.7130704365079,
          873.8287326388889,
          1056.4422991071428,
          1240.4879216269842,
          1419.5736731150794,
          1596.1465029761905,
          1766.7968129960318,
          1935.0688120039683,
          2099.4931671626982,
          2258.154228670635,
          2418.9217881944446,
          2577.6892857142857,
          2737.684623015873
        ],
        "mape": [
          0.31049983084641386,
          0.5516728446600999,
          0.7761750477709992,
          0.9924373100812539,
          1.2084766554834503,
          1.4264325806837355,
          1.641226853800191,
          1.857780366720294,
          2.0686257086878337,
          2.279794610303715,
          2.491122916878413,
          2.700359034889522,
          2.913366789877085,
          3.122686279465717,
          3.3340326680467345
        ],