{
  "overall": {
    "10100000": {
      "overall": {
        "rmse": 2387.306965661751,
        "mae": 1637.3491869212962,
        "mape": 6.003573649263805,
        "r2": 0.9676477789760033,
        "nse": 0.9676477789760033,
        "kge": 0.940163125851044,
        "skill_rmse": 0.263618232616355,
        "skill_rmse_h1": 0.15805560398130425
      },
      "macro": {
        "rmse": 2157.8699982843773,
        "mae": 1637.3490777646912,
        "mape": 6.003573249025588,
        "r2": 0.9682141873169463,
        "nse": 0.9682141873169463
      },
      "per_horizon": {
        "rmse": [
          357.7113220698526,
          672.7022917370722,
          965.4905849555108,
          1241.0914211414083,
          1504.714931510887,
          1756.9698538289842,
          1998.4721382191967,
          2230.9002962938584,
          2455.6155596781896,
          2674.9793949352174,
          2889.721489145827,
          3099.750113621231,
          3306.443680631569,
          3508.383482014142,
          3705.105572352712
        ],
        "mae": [
          268.8229476686508,
          506.990662202381,
          725.1742373511905,
          934.5854724702381,
          1134.6798177083333,
          1327.0777777777778,
          1512.0502418154763,
          1695.1314236111111,
          1862.9701512896825,
          2031.328875248016,
          2195.183674355159,
          2353.308562748016,
          2509.10064484127,
          2669.4995535714284,
          2834.3337611607144
        ],
        "mape": [
          0.9502048758865631,
          1.8272032344007265,
          2.6424170039762043,
          3.436387943023414,
          4.19526347663152,
          4.908090862912628,
          5.581593879499448,
          6.235859456193168,
          6.843551020586354,
          7.45905522927149,
          8.055919372597273,
          8.631449099273171,
          9.193837303090568,
          9.760171060116367,
          10.332600921498173
        ],
        "r2": [
          0.9992459215942985,
          0.9973457545226,
          0.9945587637507146,
          0.991053611474494,
          0.986915769812343,
          0.9822524741467858,
          0.9771608609119091,
          0.971698185504523,
          0.9659061311779141,
          0.9597800628417811,
          0.9533439275963401,
          0.9466420269191478,
          0.9396598360013342,
          0.9324841984739866,
          0.9251652850260248
        ],
        "nse": [
          0.9992459215942985,
          0.9973457545226,
          0.9945587637507146,
          0.991053611474494,
          0.986915769812343,
          0.9822524741467858,
          0.9771608609119091,
          0.971698185504523,
          0.9659061311779141,
          0.9597800628417811,
          0.9533439275963401,
          0.9466420269191478,
          0.9396598360013342,
          0.9324841984739866,
          0.9251652850260248
        ]
      }
    },
    "13150000": {
      "overall": {
        "rmse": 2394.2444362130695,
        "mae": 1505.5865947420634,
        "mape": 2.2329211628115524,
        "r2": 0.9909995798521012,
        "nse": 0.9909995798521012,
        "kge": 0.9648842121832341,
        "skill_rmse": 0.5939627621674153,
        "skill_rmse_h1": 0.4037996429958486
      },
      "macro": {
        "rmse": 2158.015770224339,
        "mae": 1505.5864943696308,
        "mape": 2.232921013950152,
        "r2": 0.9910469452675942,
        "nse": 0.9910469452675942
      },
      "per_horizon": {
        "rmse": [
          411.2622936741986,
          715.3171403363349,
          981.9888678065654,
          1235.250177769598,
          1473.6251698801766,
          1705.6151016054152,
          1932.4876947189568,
          2157.79334109929,
          2383.0507532611377,
          2612.5586957757214,
          2849.379472049098,
          3092.555393862201,
          3345.364023632208,
          3604.9405484673634,
          3869.0500374425937
        ],
        "mae": [
          307.5602802579365,
          535.4297123015873,
          724.2809027777778,
          904.5713541666667,
          1071.2578745039682,
          1229.7630704365079,
          1377.0584077380952,
          1517.3658606150793,
          1657.773970734127,
          1803.109660218254,
          1945.325706845238,
          2097.9128472222224,
          2276.7358134920637,
          2466.2951140873015,
          2669.358345734127
        ],
        "mape": [
          0.40709482269883807,
          0.7228557110002426,
          0.9949564714777034,
          1.2590554142411619,
          1.508700813592002,
          1.755309953179394,
          1.9935252127450942,
          2.225379477500489,
          2.4590554063901657,
          2.698259876465518,
          2.9386642528207725,
          3.189556328985129,
          3.4743529686941734,
          3.774979075294739,
          4.092071657087867
        ],
        "r2": [
          0.999731696188588,
          0.9991893233794045,
          0.9984742189665367,
          0.9975891570614689,
          0.9965736658528581,
          0.9954165028713661,
          0.9941247738393455,
          0.9926861708066061,
          0.9910934963499288,
          0.9893128686592861,
          0.987308759514839,
          0.98507569438967,
          0.9825676016278098,
          0.9797935013173376,
          0.9767667481888663
        ],
        "nse": [
          0.999731696188588,
          0.9991893233794045,
          0.9984742189665367,
          0.9975891570614689,
          0.9965736658528581,
          0.9954165028713661,
          0.9941247738393455,
          0.9926861708066061,
          0.9910934963499288,
          0.9893128686592861,
          0.987308759514839,
          0.98507569438967,
          0.9825676016278098,
          0.9797935013173376,
          0.9767667481888663
        ]
      }
    },
    "14100000": {
      "overall": {
        "rmse": 1991.812732863011,
        "mae": 1210.5917063492063,
        "mape": 1.546698640948873,
        "r2": 0.9962581576962705,
        "nse": 0.9962581576962705,
        "kge": 0.996359063543392,
        "skill_rmse": 0.7129475041591713,
        "skill_rmse_h1": 0.4805845278027304
      },
      "macro": {
        "rmse": 1832.4528150817487,
        "mae": 1210.591625643098,
        "mape": 1.5466985378356366,
        "r2": 0.9962822370642238,
        "nse": 0.9962822370642238
      },
      "per_horizon": {
        "rmse": [
          417.17208584223573,
          698.1811943164627,
          935.9783368501263,
          1145.3530001411943,
          1342.6610505473886,
          1535.692469558804,
          1720.2392081006979,
          1895.5252975094868,
          2061.5830396026554,
          2221.6004887370887,
          2385.250994961181,
          2550.1323687599884,
          2709.1756794092253,
          2859.875021577699,
          3008.3738227648123
        ],
        "mae": [
          293.2627976190476,
          510.8522693452381,
          680.9343625992063,
          824.5464285714286,
          948.8964285714286,
          1065.8308655753967,
          1171.9317336309523,
          1269.77955109127,
          1362.8058531746033,
          1444.53671875,
          1532.9255828373016,
          1623.2745783730159,
          1717.9705853174603,
          1807.4907862103175,
          1903.8370535714287
        ],
        "mape": [
          0.34753826929257287,
          0.6062433761980284,
          0.8175422379866898,
          1.004355219985978,
          1.1718540636557953,
          1.3308485912729051,
          1.4766020425211719,
          1.6120235493289596,
          1.7444525725102955,
          1.860262796168705,
          1.9842625071745446,
          2.1098833638362575,
          2.2439920684320427,
          2.3750262099798034,
          2.5155927458893417
        ],