{
  "10100000": {
    "overall": {
      "rmse": 1348.7032759718415,
      "mae": 927.3854694092827,
      "mape": 2.283722450233509,
      "r2": 0.9767845086423901,
      "nse": 0.9767845086423901,
      "kge": 0.9497807249545909,
      "skill_rmse": 0.4703451422872499,
      "skill_rmse_h1": 0.3944967536141446
    },
    "macro": {
      "rmse": 1242.6073403105754,
      "mae": 927.385407583589,
      "mape": 2.2837222979853555,
      "r2": 0.9747291995111254,
      "nse": 0.9747291995111254
    },
    "per_horizon": {
      "rmse": [
        209.62021211478998,
        406.8228352916233,
        598.555108976815,
        782.3559133631712,
        955.4972768211393,
        1114.1208352697686,
        1257.2570040202215,
        1382.0433269263226,
        1487.7052735720645,
        1577.2710311151598,
        1654.0279608491621,
        1721.904131706341,
        1781.3262408388416,
        1832.873416073435,
        1877.7307803271126
      ],
      "mae": [
        147.89275118670886,
        284.25602007515823,
        423.30058346518985,
        560.738886965981,
        689.2386150118671,
        809.9076468552215,
        918.7900143393987,
        1016.5654173259494,
        1102.8252447587026,
        1177.778654074367,
        1245.8098546281647,
        1309.6713558148733,
        1363.1890946400317,
        1410.482693829114,
        1450.3352081685127
      ],
      "mape": [
        0.39721351511739605,
        0.7554081878468524,
        1.1145327612196574,
        1.4670592089719154,
        1.7872528865926294,
        2.0809300345133264,
        2.3356106467058386,
        2.55384820226618,
        2.7391930154137505,
        2.892816466715758,
        3.028386572584389,
        3.149782847358267,
        3.2461043749899186,
        3.3247709076959815,
        3.3829271255107733
      ],
      "r2": [
        0.9995286780553225,
        0.9981701908209759,
        0.9959130908091737,
        0.9927967825855922,
        0.9889201113769827,
        0.9844911783259462,
        0.979711635957327,
        0.9748954799987618,
        0.9702844879069118,
        0.9659360703829722,
        0.9618177302860064,
        0.9577984115529224,
        0.9539081143847306,
        0.9501778226506429,
        0.946588207572612
      ],
      "nse": [
        0.9995286780553225,
        0.9981701908209759,
        0.9959130908091737,
        0.9927967825855922,
        0.9889201113769827,
        0.9844911783259462,
        0.979711635957327,
        0.9748954799987618,
        0.9702844879069118,
        0.9659360703829722,
        0.9618177302860064,
        0.9577984115529224,
        0.9539081143847306,
        0.9501778226506429,
        0.946588207572612
      ]
    }
  },
  "13150000": {
    "overall": {
      "rmse": 1509.5542636973573,
      "mae": 1013.953833728903,
      "mape": 1.2774167767722555,
      "r2": 0.9948509104609442,
      "nse": 0.9948509104609442,
      "kge": 0.9811450155849547,
      "skill_rmse": 0.6612932942767615,
      "skill_rmse_h1": 0.6019604498095696
    },
    "macro": {
      "rmse": 1343.4591716836865,
      "mae": 1013.9537661319853,
      "mape": 1.2774166916111427,
      "r2": 0.9945673255870829,
      "nse": 0.9945673255870829
    },
    "per_horizon": {
      "rmse": [
        204.4236535218169,
        380.20155171001807,
        548.3345804311523,
        711.4357288409861,
        871.9580010051639,
        1031.5935484064132,
        1190.0597714891292,
        1349.0002277120038,
        1510.2072925667367,
        1671.7802724319731,
        1831.0076044902328,
        1987.4014264422365,
        2141.0069207927563,
        2290.484971487958,
        2432.993367385892
      ],
      "mae": [
        157.96793413765823,
        284.013671875,
        410.09550534018985,
        526.2242138053797,
        645.9911985759494,
        764.2828570015823,
        879.2810027689874,
        997.3411540743671,
        1127.1332080696202,
        1262.683124011076,
        1391.7548951740507,
        1516.0066752373418,
        1639.3370747626582,
        1752.516935324367,
        1854.6780557753164
      ],
      "mape": [
        0.20919141950868572,
        0.37747309185923794,
        0.5461687143566393,
        0.6973995749649411,
        0.8480412597668537,
        0.9934755632026729,
        1.1310673876668755,
        1.269470707403183,
        1.4223047118067578,
        1.585121987989147,
        1.7394863320421745,
        1.8862386990777131,
        2.029259665951593,
        2.1572003174883503,
        2.269352218499007
      ],
      "r2": [
        0.9999116918339408,
        0.9996918968798841,
        0.9993534511661156,
        0.9989014253059003,
        0.9983330282611611,
        0.9976413623602084,
        0.9968242958580833,
        0.9958694233447946,
        0.9947549977825841,
        0.9934849244855123,
        0.9920757091555688,
        0.9905316607901946,
        0.9888579917442728,
        0.9870685568022092,
        0.985209468035813
      ],
      "nse": [
        0.9999116918339408,
        0.9996918968798841,
        0.9993534511661156,
        0.9989014253059003,
        0.9983330282611611,
        0.9976413623602084,
        0.9968242958580833,
        0.9958694233447946,
        0.9947549977825841,
        0.9934849244855123,
        0.9920757091555688,
        0.9905316607901946,
        0.9888579917442728,
        0.9870685568022092,
        0.985209468035813
      ]
    }
  },
  "14100000": {
    "overall": {
      "rmse": 1152.453637701253,
      "mae": 823.0253263449367,
      "mape": 0.8969209854038848,
      "r2": 0.9983344704306798,
      "nse": 0.9983344704306798,
      "kge": 0.99284240500247,
      "skill_rmse": 0.789897318645873,
      "skill_rmse_h1": 0.5685809869444809
    },
    "macro": {
      "rmse": 1055.8765729904958,
      "mae": 823.0252714765853,
      "mape": 0.8969209256091564,
      "r2": 0.9983069859674113,
      "nse": 0.9983069859674113
    },
    "per_horizon": {
      "rmse": [
        281.23140382149853,
        425.4426875779032,
        548.1433745298818,
        650.3990971342266,
        742.9954267649284,
        841.0649580275866,
        939.9029995839887,
        1044.3492939358216,
        1148.7171451155225,
        1254.953403706132,
        1362.7630029894506,
        1474.3621997831326,
        1588.8071476511197,
        1706.911973700039,
        1828.1055364127785
      ],
      "mae": [
        142.40941455696202,
        245.83653085443038,
        343.40506329113924,
        440.2607792721519,
        528.9185373813291,
        618.2281695015823,
        713.2578619462025,
        808.5439576740506,
        904.9754994066456,
        1006.2282189477849,
        1106.0206685126582,
        1210.0245994857594,
        1316.484201938291,
        1426.1899723101267,
        1534.5964200949368
      ],
      "mape": [
        0.16469963880084437,
        0.28695413601399444,
        0.40160738126764906,
        0.5132947147995716,
        0.6160241276001772,
        0.713912053149093,
        0.8137183864937522,
        0.9069676886858548,
        0.997884291309844,
        1.091998832077112,
        1.1861520501815581,
        1.2839707954234845,
        1.389034552802594,
        1.4941127501364253,
        1.593483382316316
      ],
      "r2": [
        0.9999009440651911,
        0.9997734405764024,
        0.9996240075515062,
        0.9994705294880498,
        0.9993086429836852,
        0.9991132584288136,
        0.9988909378092333,
        0.9986280629321038,
        0.9983360989173256,
        0.9980082111653589,
        0.9976418228761611,
        0.9972258851146782,
        0.9967626105066552,
        0.9962458435548134,
        0.9956744935411885
      ],