{
  "overall": {
    "10100000": {
      "overall": {
        "rmse": 1424.0944775142789,
        "mae": 983.0344574103376,
        "mape": 2.343691812526947,
        "r2": 0.9741165203862108,
        "nse": 0.9741165203862108,
        "kge": 0.9660638297863606,
        "skill_rmse": 0.4407379508188527,
        "skill_rmse_h1": 0.46747323482226943
      },
      "macro": {
        "rmse": 1276.6360119076828,
        "mae": 983.0343918747114,
        "mape": 2.3436916562808365,
        "r2": 0.9715062717830641,
        "nse": 0.9715062717830641
      },
      "per_horizon": {
        "rmse": [
          184.3563583509244,
          353.3876525067652,
          519.7904818785369,
          686.2356391968325,
          854.8049212440222,
          1023.1296229366058,
          1187.9063860672698,
          1342.2448215049483,
          1484.6899233799895,
          1618.6451001925477,
          1746.3297204146372,
          1870.0320291728895,
          1986.936562325398,
          2095.569968676962,
          2195.482267402926
        ],
        "mae": [
          130.16103392009492,
          251.1306739517405,
          376.5510408425633,
          501.8047245846519,
          626.6921232199367,
          752.1188933939874,
          878.2251038370254,
          1007.4548556170886,
          1132.4511100672469,
          1247.6789581685127,
          1361.7769110957279,
          1469.6033054786392,
          1575.3143295094937,
          1671.637089596519,
          1762.9167078718353
        ],
        "mape": [
          0.34231003446529545,
          0.6574111855199982,
          0.9809264843717186,
          1.293545840302041,
          1.5965311816931473,
          1.8905201812548151,
          2.178106580821283,
          2.464814732794819,
          2.73560945828995,
          2.977054897572011,
          3.212438462530408,
          3.4258206763266568,
          3.6300349087256456,
          3.8053125486729367,
          3.964940014563477
        ],
        "r2": [
          0.999635441196453,
          0.9986193045316137,
          0.9969179239607519,
          0.9944580280604769,
          0.9911323097420535,
          0.9869209702288457,
          0.9818881281898354,
          0.9763205244436148,
          0.9704048233943964,
          0.9641255404806888,
          0.957437361959277,
          0.9502252655525948,
          0.942653680872795,
          0.9348728474244739,
          0.9269819267080933
        ],
        "nse": [
          0.999635441196453,
          0.9986193045316137,
          0.9969179239607519,
          0.9944580280604769,
          0.9911323097420535,
          0.9869209702288457,
          0.9818881281898354,
          0.9763205244436148,
          0.9704048233943964,
          0.9641255404806888,
          0.957437361959277,
          0.9502252655525948,
          0.942653680872795,
          0.9348728474244739,
          0.9269819267080933
        ]
      }
    },
    "13150000": {
      "overall": {
        "rmse": 1442.9925897283051,
        "mae": 920.5956619198312,
        "mape": 1.2001610209491294,
        "r2": 0.9952949831038632,
        "nse": 0.9952949831038632,
        "kge": 0.9930769892823608,
        "skill_rmse": 0.6762280905008222,
        "skill_rmse_h1": 0.5840837028113637
      },
      "macro": {
        "rmse": 1289.8461117897664,
        "mae": 920.5956005467914,
        "mape": 1.2001609409384,
        "r2": 0.99503664181633,
        "nse": 0.99503664181633
      },
      "per_horizon": {
        "rmse": [
          213.60472593713357,
          391.9330637089951,
          556.5283994798766,
          710.7972631490785,
          857.8560637896674,
          1001.05642019921,
          1141.783600266576,
          1283.128175299544,
          1427.213160761784,
          1573.9800374281879,
          1724.0244096613626,
          1878.1064473727736,
          2035.5580092417124,
          2196.071993162077,
          2356.0511972346317
        ],
        "mae": [
          162.41752373417722,
          291.2619412579114,
          407.3905508306962,
          518.3402393196203,
          628.9642751186709,
          739.940664556962,
          846.1797616693038,
          943.4604430379746,
          1040.7407782832279,
          1136.4877373417721,
          1231.2070806962026,
          1322.8389537183543,
          1414.5813390031647,
          1512.9989369066457,
          1612.1247033227849
        ],
        "mape": [
          0.21857440090788655,
          0.3979049878788048,
          0.5573571535459834,
          0.7083531896087754,
          0.8523701447799261,
          0.9904099547795198,
          1.121488649398169,
          1.2392042393657712,
          1.3567824062249518,
          1.4739468999163718,
          1.5882957092881407,
          1.7009378084589915,
          1.8113653197458188,
          1.9309730575438813,
          2.0544513927939474
        ],
        "r2": [
          0.9999035815183612,
          0.999672589855808,
          0.9993339839050464,
          0.998903396214847,
          0.9983865112049618,
          0.9977789358582577,
          0.9970767222042172,
          0.9962629688051639,
          0.9953156403264068,
          0.994224900095332,
          0.9929746667176962,
          0.9915444274303066,
          0.9899284966759163,
          0.9881126445214261,
          0.9861301619112007
        ],
        "nse": [
          0.9999035815183612,
          0.999672589855808,
          0.9993339839050464,
          0.998903396214847,
          0.9983865112049618,
          0.9977789358582577,
          0.9970767222042172,
          0.9962629688051639,
          0.9953156403264068,
          0.994224900095332,
          0.9929746667176962,
          0.9915444274303066,
          0.9899284966759163,
          0.9881126445214261,
          0.9861301619112007
        ]
      }
    },
    "14100000": {
      "overall": {
        "rmse": 1172.677008988703,
        "mae": 794.1302248154009,
        "mape": 0.9337844244593028,
        "r2": 0.9982755037967599,
        "nse": 0.9982755037967599,
        "kge": 0.9902951651438411,
        "skill_rmse": 0.7862104158547216,
        "skill_rmse_h1": 0.5582513384489707
      },
      "macro": {
        "rmse": 1078.9925836181912,
        "mae": 794.1301718733896,
        "mape": 0.933784362207012,
        "r2": 0.9982475757829902,
        "nse": 0.9982475757829902
      },
      "per_horizon": {
        "rmse": [
          287.9650466593517,
          440.4951947040187,
          569.7832259100685,
          678.2975900111492,
          776.2459260414262,
          875.7631969774877,
          975.7105272960431,
          1080.4608018981187,
          1182.146957423939,
          1284.2208339415356,
          1387.6373306774701,
          1495.8952712515504,
          1604.9140121565974,
          1715.6953999732975,
          1829.6585183433988
        ],
        "mae": [
          163.94078817246836,
          284.4062005537975,
          391.26582278481015,
          491.13869659810126,
          573.676893789557,
          654.2965288765823,
          734.0772596914557,
          809.5022992484177,
          883.8916386471519,
          959.1602304193038,
          1035.3422418908228,
          1114.695782238924,
          1189.9797765031647,
          1267.3962618670887,
          1359.182950949367
        ],
        "mape": [
          0.1923858197925439,
          0.3365383026384931,
          0.4645984237746932,
          0.5817273543836952,
          0.6836143248622701,
          0.7788233916064545,
          0.8739019666006508,
          0.9617583544806362,
          1.0470457207761368,
          1.1334472520440833,
          1.2193767826754849,
          1.3045909128065512,
          1.3864577775515952,
          1.4707176172566996,
          1.5717823656395544
        ],