{
  "overall": {
    "10100000": {
      "overall": {
        "rmse": 2274.652059428987,
        "mae": 1580.6878106974802,
        "mape": 6.999033396700856,
        "r2": 0.9786808551300156,
        "nse": 0.9786808551300156,
        "kge": 0.9787213363890551,
        "skill_rmse": 0.38674672603352944,
        "skill_rmse_h1": 0.34839600154726047
      },
      "macro": {
        "rmse": 2075.9470599731058,
        "mae": 1580.6877053183,
        "mape": 6.999032930098659,
        "r2": 0.97873314263465,
        "nse": 0.97873314263465
      },
      "per_horizon": {
        "rmse": [
          335.18479044103856,
          647.5500413912127,
          955.1393139378548,
          1253.23234457604,
          1534.9405405024268,
          1793.5202703936577,
          2024.8147590946462,
          2231.4172953819225,
          2418.7194340969954,
          2593.1030657015694,
          2758.486348327173,
          2918.797417905332,
          3075.5452863375003,
          3227.151673220358,
          3371.6053942359135
        ],
        "mae": [
          237.13301528346994,
          458.68288222905284,
          683.5026468579235,
          910.4033043032787,
          1127.6811461179418,
          1333.7206390881147,
          1524.8374921732695,
          1694.5346368397086,
          1848.3988181637067,
          1991.700823229736,
          2127.3296298668033,
          2259.539158555328,
          2387.1743333048726,
          2507.9917250113845,
          2617.686909437614
        ],
        "mape": [
          1.094237788643911,
          2.1102491538935597,
          3.140222262919871,
          4.190323532082883,
          5.161475226608607,
          6.086704448749557,
          6.911933998413152,
          7.609466544924888,
          8.235601779834907,
          8.832474716658655,
          9.37965187049091,
          9.898625485822533,
          10.371623528483939,
          10.79933919604984,
          11.163571416935604
        ],
        "r2": [
          0.9995345124234032,
          0.9982637192163124,
          0.9962247887343987,
          0.993504636145192,
          0.9902628945627514,
          0.986715400718037,
          0.9830799747466508,
          0.9794676173045761,
          0.9758999427580374,
          0.9723255845241373,
          0.9687151402102538,
          0.9650109638076425,
          0.9611955871865927,
          0.9573248283342656,
          0.9534715488474989
        ],
        "nse": [
          0.9995345124234032,
          0.9982637192163124,
          0.9962247887343987,
          0.993504636145192,
          0.9902628945627514,
          0.986715400718037,
          0.9830799747466508,
          0.9794676173045761,
          0.9758999427580374,
          0.9723255845241373,
          0.9687151402102538,
          0.9650109638076425,
          0.9611955871865927,
          0.9573248283342656,
          0.9534715488474989
        ]
      }
    },
    "14100000": {
      "overall": {
        "rmse": 4422.220536119924,
        "mae": 2313.6457218617184,
        "mape": 4.197997687812105,
        "r2": 0.9811871857043541,
        "nse": 0.9811871857043541,
        "kge": 0.9814649240460531,
        "skill_rmse": 0.445617531732439,
        "skill_rmse_h1": 0.11253154885508276
      },
      "macro": {
        "rmse": 4158.229733492504,
        "mae": 2313.6455676186806,
        "mape": 4.197997407945612,
        "r2": 0.981119982217912,
        "nse": 0.981119982217912
      },
      "per_horizon": {
        "rmse": [
          1347.3961342863627,
          1951.4111232519574,
          2437.361157836392,
          2863.65937307761,
          3251.189069384108,
          3618.2174978518333,
          3966.0406454853915,
          4298.811983836003,
          4622.0659207748295,
          4933.603501264502,
          5237.203976573789,
          5531.545706005368,
          5820.223648062769,
          6105.045407932875,
          6389.675014993498
        ],
        "mae": [
          347.17634335154827,
          647.4860826502733,
          937.8047657673042,
          1223.5968735769582,
          1506.2208347563753,
          1784.6410732581967,
          2063.246001252277,
          2337.18116746357,
          2611.648209813297,
          2882.5320540186704,
          3151.46470856102,
          3415.0094916894354,
          3675.380628130692,
          3931.856037966758,
          4189.441555669399
        ],
        "mape": [
          0.6244840455772022,
          1.1945670891166873,
          1.7526766849168245,
          2.2977643454241936,
          2.828280479790703,
          3.339800150574606,
          3.8412784801234165,
          4.322798056859588,
          4.795667528840563,
          5.256582253550897,
          5.703337917845654,
          6.135324411556529,
          6.554425685363204,
          6.962397454883332,
          7.360580732758184
        ],
        "r2": [
          0.9982737360836709,
          0.9963708555041374,
          0.9943261544427707,
          0.9921519159345842,
          0.9898649721604111,
          0.9874258448618203,
          0.9848680960724797,
          0.9821965001287177,
          0.9793915604653777,
          0.9764931704932793,
          0.9734850506891883,
          0.9703968357350932,
          0.9672061827611708,
          0.9639023217169365,
          0.9604465362190431
        ],
        "nse": [
          0.9982737360836709,
          0.9963708555041374,
          0.9943261544427707,
          0.9921519159345842,
          0.9898649721604111,
          0.9874258448618203,
          0.9848680960724797,
          0.9821965001287177,
          0.9793915604653777,
          0.9764931704932793,
          0.9734850506891883,
          0.9703968357350932,
          0.9672061827611708,
          0.9639023217169365,
          0.9604465362190431
        ]
      }
    }
  }
}