{
  "overall": {
    "10100000": {
      "overall": {
        "rmse": 2078.331330093428,
        "mae": 1365.3008874834657,
        "mape": 4.806490562483485,
        "r2": 0.9754801878044378,
        "nse": 0.9754801878044378,
        "kge": 0.9362193405763423,
        "skill_rmse": 0.35892395905661534,
        "skill_rmse_h1": 0.2956972505407439
      },
      "macro": {
        "rmse": 1874.5299049053674,
        "mae": 1365.3007964634126,
        "mape": 4.806490242050803,
        "r2": 0.9759110876705935,
        "nse": 0.9759110876705935
      },
      "per_horizon": {
        "rmse": [
          299.23243011989626,
          565.322108432103,
          818.0756514124843,
          1059.8056197277615,
          1293.3243006215903,
          1517.5192846888144,
          1734.1128811566957,
          1943.7786502445092,
          2147.258327197332,
          2344.699497235277,
          2535.196147260455,
          2716.867612886592,
          2889.1664189410717,
          3051.075105205461,
          3202.51641298037
        ],
        "mae": [
          218.0761470734127,
          413.270988343254,
          591.110013640873,
          762.5505890376984,
          923.2704365079366,
          1075.5390625,
          1225.7677765376984,
          1373.5553447420634,
          1523.306212797619,
          1674.358420138889,
          1841.7860863095239,
          2001.8729104662698,
          2152.4494295634922,
          2287.340327380952,
          2415.2595672123016
        ],
        "mape": [
          0.753221107065794,
          1.4470166058235996,
          2.0746672548048153,
          2.6750296030838494,
          3.2303192134139227,
          3.753543863665644,
          4.276524058217775,
          4.792334108757868,
          5.316906169210487,
          5.860726432331428,
          6.4843284108147605,
          7.080058237720851,
          7.634826237838693,
          8.12484918931634,
          8.593007945186441
        ],
        "r2": [
          0.9994723226528845,
          0.9981254923736842,
          0.9960934945893679,
          0.9934763200914122,
          0.9903338264069881,
          0.9867603155230436,
          0.9828035713548187,
          0.9785143956996754,
          0.9739310148908346,
          0.9690988326363643,
          0.964089675174146,
          0.9590095290743054,
          0.953928819169436,
          0.948938083709372,
          0.9440906217125712
        ],
        "nse": [
          0.9994723226528845,
          0.9981254923736842,
          0.9960934945893679,
          0.9934763200914122,
          0.9903338264069881,
          0.9867603155230436,
          0.9828035713548187,
          0.9785143956996754,
          0.9739310148908346,
          0.9690988326363643,
          0.964089675174146,
          0.9590095290743054,
          0.953928819169436,
          0.948938083709372,
          0.9440906217125712
        ]
      }
    },
    "13150000": {
      "overall": {
        "rmse": 2029.1268227658647,
        "mae": 1457.8783176256613,
        "mape": 1.9694230616754131,
        "r2": 0.993535362263801,
        "nse": 0.993535362263801,
        "kge": 0.981515566665458,
        "skill_rmse": 0.6558826501311584,
        "skill_rmse_h1": 0.5436775000008481
      },
      "macro": {
        "rmse": 1800.6836513030705,
        "mae": 1457.87822043378,
        "mape": 1.9694229303805508,
        "r2": 0.9935715715130378,
        "nse": 0.9935715715130378
      },
      "per_horizon": {
        "rmse": [
          314.7737766341004,
          531.7379839985431,
          735.6290617817594,
          938.1949186853703,
          1140.499749108329,
          1347.4348245237409,
          1557.0858467386468,
          1770.471954070355,
          1988.6580456897739,
          2209.8373687053186,
          2435.043650636131,
          2662.3848109600062,
          2894.4701622263296,
          3126.781383351597,
          3357.2530331197067
        ],
        "mae": [
          236.99249751984127,
          402.12483878968254,
          563.5740575396825,
          727.0027777777777,
          898.5242063492063,
          1072.7035466269842,
          1250.4346726190477,
          1432.5403273809525,
          1622.3481398809524,
          1810.4682415674604,
          1998.0759672619047,
          2184.3400297619046,
          2370.0946552579367,
          2555.551661706349,
          2743.3991443452383
        ],
        "mape": [
          0.3128288785449856,
          0.5410464725955391,
          0.7628638389578143,
          0.9830660489419287,
          1.2111832281353432,
          1.4406666403673885,
          1.6750613969368142,
          1.9196216914771476,
          2.1776422074922257,
          2.4369261260627417,
          2.69837592850919,
          2.9579252021615274,
          3.2167263834330315,
          3.4739862903801613,
          3.733425591135357
        ],
        "r2": [
          0.99984282403156,
          0.9995520332764037,
          0.9991437573838939,
          0.9986092623222262,
          0.9979476754458875,
          0.9971394441369336,
          0.9961856878709784,
          0.9950761680781127,
          0.9937975840226898,
          0.9923537294543731,
          0.9907313391139533,
          0.9889388364803806,
          0.9869500594959209,
          0.9847983794371625,
          0.9825067921450896
        ],
        "nse": [
          0.99984282403156,
          0.9995520332764037,
          0.9991437573838939,
          0.9986092623222262,
          0.9979476754458875,
          0.9971394441369336,
          0.9961856878709784,
          0.9950761680781127,
          0.9937975840226898,
          0.9923537294543731,
          0.9907313391139533,
          0.9889388364803806,
          0.9869500594959209,
          0.9847983794371625,
          0.9825067921450896
        ]
      }
    },
    "14100000": {
      "overall": {
        "rmse": 2467.95419452778,
        "mae": 1784.173874834656,
        "mape": 2.0428374481602236,
        "r2": 0.994255362065017,
        "nse": 0.994255362065017,
        "kge": 0.9839742075931018,
        "skill_rmse": 0.6443278027740349,
        "skill_rmse_h1": 0.43966053145761663
      },
      "macro": {
        "rmse": 2218.1786532086935,
        "mae": 1784.173755889739,
        "mape": 2.0428373119710694,
        "r2": 0.9942972924993279,
        "nse": 0.9942972924993279
      },
      "per_horizon": {
        "rmse": [
          450.0404731547477,
          731.9065196629743,
          978.0663675099813,
          1216.7908905651193,
          1459.0389959706738,
          1709.1058460219222,
          1961.6570531879138,
          2216.175412277938,
          2470.343932313865,
          2724.9316096388616,
          2975.675162025726,
          3223.505118329377,
          3471.169628065753,
          3718.358337745964,
          3965.9166698382433
        ],
        "mae": [
          347.68814484126983,
          571.3189856150793,
          762.8643353174604,
          952.1090401785714,
          1149.3532118055555,
          1355.1972098214285,
          1565.4583581349207,
          1774.8501860119047,
          1983.764806547619,
          2196.2203000992063,
          2407.8230530753967,
          2616.602566964286,
          2821.5523561507935,
          3024.8643601190474,
          3232.9412078373016
        ],
        "mape": [
          0.38719356150851636,
          0.6388241099190174,
          0.8591948276331517,
          1.0793002040008683,
          1.3094339990667674,
          1.549566931260526,
          1.7919831586550032,
          2.033287667747795,
          2.2735862855362337,
          2.517840261962146,
          2.7604430125623445,
          3.001964426666985,
          3.2421711337565404,
          3.4787542079170617,
          3.7190179342103904
        ],